{
  "selected_model": "calibrated_random_forest",
  "model_metrics": {
    "logistic_regression": {
      "roc_auc": 0.7454257546988107,
      "pr_auc": 0.2211867440315791,
      "brier_score": 0.20601113553953518
    },
    "calibrated_random_forest": {
      "roc_auc": 0.7528941236665582,
      "pr_auc": 0.22504460927331568,
      "brier_score": 0.06837589053197508
    }
  },
  "holdout_size": 9084,
  "train_size": 36333,
  "target_rate_train": 0.08069798805493629,
  "target_rate_test": 0.08069132540730956
}